filename,label
train_img_0.jpg,VP306
train_img_1.jpg,VP710
train_img_2.jpg,VP921
train_img_3.jpg,VP23
train_img_4.jpg,VP353
train_img_5.jpg,VP63
train_img_6.jpg,VP987
train_img_7.jpg,VP188
train_img_8.jpg,VP836
train_img_9.jpg,VP572
train_img_10.jpg,VP1131
train_img_11.jpg,VP350
train_img_12.jpg,VP256
train_img_13.jpg,VP939
train_img_14.jpg,VP993
train_img_15.jpg,VP196
train_img_16.jpg,VP887
train_img_17.jpg,VP324
train_img_18.jpg,VP1004
train_img_19.jpg,VP233
train_img_20.jpg,VP1284
train_img_21.jpg,VP100
train_img_22.jpg,VP1644
train_img_23.jpg,VP1923
train_img_24.jpg,VP1926
train_img_25.jpg,VP220
train_img_26.jpg,VP1230
train_img_27.jpg,VP1121
train_img_28.jpg,VP1861
train_img_29.jpg,VP1425
train_img_30.jpg,VP727
train_img_31.jpg,VP701
train_img_32.jpg,VP1247
train_img_33.jpg,VP270
train_img_34.jpg,VP736
train_img_35.jpg,VP298
train_img_36.jpg,VP1642
train_img_37.jpg,VP1307
train_img_38.jpg,VP720
train_img_39.jpg,VP115
train_img_40.jpg,VP1376
train_img_41.jpg,VP916
train_img_42.jpg,VP1178
train_img_43.jpg,VP1727
train_img_44.jpg,VP494
train_img_45.jpg,VP1554
train_img_46.jpg,VP1381
train_img_47.jpg,VP1668
train_img_48.jpg,VP1783
train_img_49.jpg,VP1759
train_img_50.jpg,VP1863
train_img_51.jpg,VP352
train_img_52.jpg,VP1949
train_img_53.jpg,VP173
train_img_54.jpg,VP351
train_img_55.jpg,VP985
train_img_56.jpg,VP1450
train_img_57.jpg,VP1341
train_img_58.jpg,VP78
train_img_59.jpg,VP813
train_img_60.jpg,VP32
train_img_61.jpg,VP361
train_img_62.jpg,VP480
train_img_63.jpg,VP535
train_img_64.jpg,VP1265
train_img_65.jpg,VP163
train_img_66.jpg,VP203
train_img_67.jpg,VP707
train_img_68.jpg,VP922
train_img_69.jpg,VP1165
train_img_70.jpg,VP845
train_img_71.jpg,VP1953
train_img_72.jpg,VP1313
train_img_73.jpg,VP787
train_img_74.jpg,VP861
train_img_75.jpg,VP1364
train_img_76.jpg,VP218
train_img_77.jpg,VP1918
train_img_78.jpg,VP849
train_img_79.jpg,VP1073
train_img_80.jpg,VP344
train_img_81.jpg,VP1891
train_img_82.jpg,VP59
train_img_83.jpg,VP1778
train_img_84.jpg,VP289
train_img_85.jpg,VP73
train_img_86.jpg,VP162
train_img_87.jpg,VP1144
train_img_88.jpg,VP1553
train_img_89.jpg,VP544
train_img_90.jpg,VP1040
train_img_91.jpg,VP585
train_img_92.jpg,VP1518
train_img_93.jpg,VP45
train_img_94.jpg,VP948
train_img_95.jpg,VP1773
train_img_96.jpg,VP1915
train_img_97.jpg,VP1128
train_img_98.jpg,VP76
train_img_99.jpg,VP1904
train_img_100.jpg,VP1405
train_img_101.jpg,VP654
train_img_102.jpg,VP1106
train_img_103.jpg,VP620
train_img_104.jpg,VP374
train_img_105.jpg,VP1602
train_img_106.jpg,VP30
train_img_107.jpg,VP1852
train_img_108.jpg,VP316
train_img_109.jpg,VP1583
train_img_110.jpg,VP1124
train_img_111.jpg,VP1309
train_img_112.jpg,VP570
train_img_113.jpg,VP1540
train_img_114.jpg,VP1557
train_img_115.jpg,VP367
train_img_116.jpg,VP1563
train_img_117.jpg,VP44
train_img_118.jpg,VP579
train_img_119.jpg,VP168
train_img_120.jpg,VP303
train_img_121.jpg,VP1490
train_img_122.jpg,VP411
train_img_123.jpg,VP1912
train_img_124.jpg,VP1414
train_img_125.jpg,VP817
train_img_126.jpg,VP436
train_img_127.jpg,VP394
train_img_128.jpg,VP576
train_img_129.jpg,VP628
train_img_130.jpg,VP1975
train_img_131.jpg,VP538
train_img_132.jpg,VP1089
train_img_133.jpg,VP1010
train_img_134.jpg,VP185
train_img_135.jpg,VP1100
train_img_136.jpg,VP462
train_img_137.jpg,VP1370
train_img_138.jpg,VP1493
train_img_139.jpg,VP354
train_img_140.jpg,VP1449
train_img_141.jpg,VP1768
train_img_142.jpg,VP1934
train_img_143.jpg,VP755
train_img_144.jpg,VP1920
train_img_145.jpg,VP1356
train_img_146.jpg,VP968
train_img_147.jpg,VP175
train_img_148.jpg,VP1384
train_img_149.jpg,VP1269
train_img_150.jpg,VP1600
train_img_151.jpg,VP123
train_img_152.jpg,VP450
train_img_153.jpg,VP1809
train_img_154.jpg,VP596
train_img_155.jpg,VP1009
train_img_156.jpg,VP1922
train_img_157.jpg,VP478
train_img_158.jpg,VP331
train_img_159.jpg,VP526
train_img_160.jpg,VP194
train_img_161.jpg,VP630
train_img_162.jpg,VP464
train_img_163.jpg,VP1703
train_img_164.jpg,VP322
train_img_165.jpg,VP1190
train_img_166.jpg,VP266
train_img_167.jpg,VP1263
train_img_168.jpg,VP1421
train_img_169.jpg,VP67
train_img_170.jpg,VP941
train_img_171.jpg,VP532
train_img_172.jpg,VP670
train_img_173.jpg,VP1228
train_img_174.jpg,VP879
train_img_175.jpg,VP1402
train_img_176.jpg,VP1686
train_img_177.jpg,VP1226
train_img_178.jpg,VP1720
train_img_179.jpg,VP1909
train_img_180.jpg,VP1624
train_img_181.jpg,VP886
train_img_182.jpg,VP1629
train_img_183.jpg,VP426
train_img_184.jpg,VP1318
train_img_185.jpg,VP607
train_img_186.jpg,VP1521
train_img_187.jpg,VP1569
train_img_188.jpg,VP1728
train_img_189.jpg,VP1133
train_img_190.jpg,VP1942
train_img_191.jpg,VP529
train_img_192.jpg,VP1746
train_img_193.jpg,VP1927
train_img_194.jpg,VP904
train_img_195.jpg,VP261
train_img_196.jpg,VP514
train_img_197.jpg,VP1220
train_img_198.jpg,VP240
train_img_199.jpg,VP806
train_img_200.jpg,VP1938
train_img_201.jpg,VP416
train_img_202.jpg,VP1080
train_img_203.jpg,VP543
train_img_204.jpg,VP365
train_img_205.jpg,VP1432
train_img_206.jpg,VP1233
train_img_207.jpg,VP582
train_img_208.jpg,VP1711
train_img_209.jpg,VP1304
train_img_210.jpg,VP764
train_img_211.jpg,VP71
train_img_212.jpg,VP1474
train_img_213.jpg,VP259
train_img_214.jpg,VP51
train_img_215.jpg,VP198
train_img_216.jpg,VP1612
train_img_217.jpg,VP1710
train_img_218.jpg,VP332
train_img_219.jpg,VP1350
train_img_220.jpg,VP1840
train_img_221.jpg,VP772
train_img_222.jpg,VP1851
train_img_223.jpg,VP943
train_img_224.jpg,VP1654
train_img_225.jpg,VP1670
train_img_226.jpg,VP694
train_img_227.jpg,VP1455
train_img_228.jpg,VP438
train_img_229.jpg,VP584
train_img_230.jpg,VP1235
train_img_231.jpg,VP1964
train_img_232.jpg,VP599
train_img_233.jpg,VP1954
train_img_234.jpg,VP398
train_img_235.jpg,VP1735
train_img_236.jpg,VP192
train_img_237.jpg,VP1716
train_img_238.jpg,VP678
train_img_239.jpg,VP1027
train_img_240.jpg,VP1417
train_img_241.jpg,VP1357
train_img_242.jpg,VP637
train_img_243.jpg,VP802
train_img_244.jpg,VP141
train_img_245.jpg,VP1175
train_img_246.jpg,VP2
train_img_247.jpg,VP744
train_img_248.jpg,VP1858
train_img_249.jpg,VP1855
train_img_250.jpg,VP339
train_img_251.jpg,VP824
train_img_252.jpg,VP1237
train_img_253.jpg,VP988
train_img_254.jpg,VP265
train_img_255.jpg,VP376
train_img_256.jpg,VP1618
train_img_257.jpg,VP1882
train_img_258.jpg,VP439
train_img_259.jpg,VP271
train_img_260.jpg,VP184
train_img_261.jpg,VP1834
train_img_262.jpg,VP244
train_img_263.jpg,VP1788
train_img_264.jpg,VP1468
train_img_265.jpg,VP590
train_img_266.jpg,VP809
train_img_267.jpg,VP495
train_img_268.jpg,VP1524
train_img_269.jpg,VP479
train_img_270.jpg,VP674
train_img_271.jpg,VP415
train_img_272.jpg,VP273
train_img_273.jpg,VP906
train_img_274.jpg,VP1476
train_img_275.jpg,VP1635
train_img_276.jpg,VP250
train_img_277.jpg,VP413
train_img_278.jpg,VP610
train_img_279.jpg,VP1298
train_img_280.jpg,VP583
train_img_281.jpg,VP310
train_img_282.jpg,VP1548
train_img_283.jpg,VP381
train_img_284.jpg,VP507
train_img_285.jpg,VP425
train_img_286.jpg,VP527
train_img_287.jpg,VP745
train_img_288.jpg,VP1013
train_img_289.jpg,VP1347
train_img_290.jpg,VP408
train_img_291.jpg,VP1604
train_img_292.jpg,VP1336
train_img_293.jpg,VP1835
train_img_294.jpg,VP926
train_img_295.jpg,VP1361
train_img_296.jpg,VP1779
train_img_297.jpg,VP1669
train_img_298.jpg,VP650
train_img_299.jpg,VP182
train_img_300.jpg,VP1394
train_img_301.jpg,VP712
train_img_302.jpg,VP170
train_img_303.jpg,VP292
train_img_304.jpg,VP555
train_img_305.jpg,VP581
train_img_306.jpg,VP300
train_img_307.jpg,VP1865
train_img_308.jpg,VP552
train_img_309.jpg,VP482
train_img_310.jpg,VP1641
train_img_311.jpg,VP1925
train_img_312.jpg,VP1919
train_img_313.jpg,VP272
train_img_314.jpg,VP1582
train_img_315.jpg,VP1545
train_img_316.jpg,VP963
train_img_317.jpg,VP371
train_img_318.jpg,VP1005
train_img_319.jpg,VP715
train_img_320.jpg,VP554
train_img_321.jpg,VP1315
train_img_322.jpg,VP518
train_img_323.jpg,VP334
train_img_324.jpg,VP1910
train_img_325.jpg,VP1160
train_img_326.jpg,VP1047
train_img_327.jpg,VP1319
train_img_328.jpg,VP15
train_img_329.jpg,VP1102
train_img_330.jpg,VP1947
train_img_331.jpg,VP1675
train_img_332.jpg,VP949
train_img_333.jpg,VP1268
train_img_334.jpg,VP465
train_img_335.jpg,VP199
train_img_336.jpg,VP1200
train_img_337.jpg,VP1050
train_img_338.jpg,VP1488
train_img_339.jpg,VP1571
train_img_340.jpg,VP1094
train_img_341.jpg,VP721
train_img_342.jpg,VP1391
train_img_343.jpg,VP1404
train_img_344.jpg,VP1358
train_img_345.jpg,VP561
train_img_346.jpg,VP43
train_img_347.jpg,VP274
train_img_348.jpg,VP1091
train_img_349.jpg,VP101
train_img_350.jpg,VP859
train_img_351.jpg,VP722
train_img_352.jpg,VP950
train_img_353.jpg,VP107
train_img_354.jpg,VP1096
train_img_355.jpg,VP497
train_img_356.jpg,VP1968
train_img_357.jpg,VP1303
train_img_358.jpg,VP1055
train_img_359.jpg,VP613
train_img_360.jpg,VP1173
train_img_361.jpg,VP1288
train_img_362.jpg,VP617
train_img_363.jpg,VP588
train_img_364.jpg,VP72
train_img_365.jpg,VP746
train_img_366.jpg,VP1208
train_img_367.jpg,VP1161
train_img_368.jpg,VP1544
train_img_369.jpg,VP481
train_img_370.jpg,VP1063
train_img_371.jpg,VP506
train_img_372.jpg,VP1873
train_img_373.jpg,VP1258
train_img_374.jpg,VP1977
train_img_375.jpg,VP733
train_img_376.jpg,VP1472
train_img_377.jpg,VP1401
train_img_378.jpg,VP311
train_img_379.jpg,VP818
train_img_380.jpg,VP405
train_img_381.jpg,VP692
train_img_382.jpg,VP1137
train_img_383.jpg,VP309
train_img_384.jpg,VP226
train_img_385.jpg,VP1688
train_img_386.jpg,VP704
train_img_387.jpg,VP1519
train_img_388.jpg,VP932
train_img_389.jpg,VP788
train_img_390.jpg,VP148
train_img_391.jpg,VP619
train_img_392.jpg,VP1182
train_img_393.jpg,VP1793
train_img_394.jpg,VP808
train_img_395.jpg,VP909
train_img_396.jpg,VP575
train_img_397.jpg,VP557
train_img_398.jpg,VP1029
train_img_399.jpg,VP1422
train_img_400.jpg,VP1338
train_img_401.jpg,VP1287
train_img_402.jpg,VP1328
train_img_403.jpg,VP286
train_img_404.jpg,VP1594
train_img_405.jpg,VP1001
train_img_406.jpg,VP598
train_img_407.jpg,VP923
train_img_408.jpg,VP792
train_img_409.jpg,VP1627
train_img_410.jpg,VP1941
train_img_411.jpg,VP1240
train_img_412.jpg,VP1223
train_img_413.jpg,VP798
train_img_414.jpg,VP1403
train_img_415.jpg,VP1588
train_img_416.jpg,VP1198
train_img_417.jpg,VP1111
train_img_418.jpg,VP609
train_img_419.jpg,VP1821
train_img_420.jpg,VP1465
train_img_421.jpg,VP1897
train_img_422.jpg,VP999
train_img_423.jpg,VP493
train_img_424.jpg,VP1543
train_img_425.jpg,VP277
train_img_426.jpg,VP1859
train_img_427.jpg,VP358
train_img_428.jpg,VP1105
train_img_429.jpg,VP236
train_img_430.jpg,VP551
train_img_431.jpg,VP1857
train_img_432.jpg,VP888
train_img_433.jpg,VP208
train_img_434.jpg,VP1512
train_img_435.jpg,VP1550
train_img_436.jpg,VP58
train_img_437.jpg,VP631
train_img_438.jpg,VP1574
train_img_439.jpg,VP1849
train_img_440.jpg,VP1567
train_img_441.jpg,VP363
train_img_442.jpg,VP505
train_img_443.jpg,VP1234
train_img_444.jpg,VP1116
train_img_445.jpg,VP1593
train_img_446.jpg,VP1210
train_img_447.jpg,VP832
train_img_448.jpg,VP973
train_img_449.jpg,VP807
train_img_450.jpg,VP118
train_img_451.jpg,VP1242
train_img_452.jpg,VP759
train_img_453.jpg,VP522
train_img_454.jpg,VP513
train_img_455.jpg,VP81
train_img_456.jpg,VP1872
train_img_457.jpg,VP1007
train_img_458.jpg,VP380
train_img_459.jpg,VP1933
train_img_460.jpg,VP1790
train_img_461.jpg,VP84
train_img_462.jpg,VP1667
train_img_463.jpg,VP329
train_img_464.jpg,VP6
train_img_465.jpg,VP1052
train_img_466.jpg,VP1580
train_img_467.jpg,VP905
train_img_468.jpg,VP1483
train_img_469.jpg,VP451
train_img_470.jpg,VP490
train_img_471.jpg,VP1471
train_img_472.jpg,VP287
train_img_473.jpg,VP1619
train_img_474.jpg,VP1973
train_img_475.jpg,VP1359
train_img_476.jpg,VP756
train_img_477.jpg,VP1560
train_img_478.jpg,VP1623
train_img_479.jpg,VP1691
train_img_480.jpg,VP1407
train_img_481.jpg,VP869
train_img_482.jpg,VP1429
train_img_483.jpg,VP1083
train_img_484.jpg,VP1640
train_img_485.jpg,VP327
train_img_486.jpg,VP442
train_img_487.jpg,VP767
train_img_488.jpg,VP1444
train_img_489.jpg,VP915
train_img_490.jpg,VP1690
train_img_491.jpg,VP177
train_img_492.jpg,VP730
train_img_493.jpg,VP1568
train_img_494.jpg,VP86
train_img_495.jpg,VP1399
train_img_496.jpg,VP1887
train_img_497.jpg,VP457
train_img_498.jpg,VP1818
train_img_499.jpg,VP54
train_img_500.jpg,VP1492
train_img_501.jpg,VP643
train_img_502.jpg,VP677
train_img_503.jpg,VP221
train_img_504.jpg,VP113
train_img_505.jpg,VP1894
train_img_506.jpg,VP1221
train_img_507.jpg,VP1151
train_img_508.jpg,VP174
train_img_509.jpg,VP774
train_img_510.jpg,VP589
train_img_511.jpg,VP1549
train_img_512.jpg,VP18
train_img_513.jpg,VP423
train_img_514.jpg,VP1334
train_img_515.jpg,VP285
train_img_516.jpg,VP1573
train_img_517.jpg,VP428
train_img_518.jpg,VP1531
train_img_519.jpg,VP743
train_img_520.jpg,VP669
train_img_521.jpg,VP31
train_img_522.jpg,VP930
train_img_523.jpg,VP984
train_img_524.jpg,VP214
train_img_525.jpg,VP843
train_img_526.jpg,VP326
train_img_527.jpg,VP560
train_img_528.jpg,VP1107
train_img_529.jpg,VP700
train_img_530.jpg,VP1800
train_img_531.jpg,VP1650
train_img_532.jpg,VP341
train_img_533.jpg,VP629
train_img_534.jpg,VP147
train_img_535.jpg,VP1299
train_img_536.jpg,VP360
train_img_537.jpg,VP83
train_img_538.jpg,VP48
train_img_539.jpg,VP468
train_img_540.jpg,VP155
train_img_541.jpg,VP765
train_img_542.jpg,VP1057
train_img_543.jpg,VP1789
train_img_544.jpg,VP1393
train_img_545.jpg,VP1196
train_img_546.jpg,VP1620
train_img_547.jpg,VP500
train_img_548.jpg,VP1754
train_img_549.jpg,VP179
train_img_550.jpg,VP1345
train_img_551.jpg,VP1659
train_img_552.jpg,VP777
train_img_553.jpg,VP1822
train_img_554.jpg,VP1609
train_img_555.jpg,VP528
train_img_556.jpg,VP346
train_img_557.jpg,VP1378
train_img_558.jpg,VP1948
train_img_559.jpg,VP1075
train_img_560.jpg,VP1960
train_img_561.jpg,VP1000
train_img_562.jpg,VP601
train_img_563.jpg,VP1980
train_img_564.jpg,VP243
train_img_565.jpg,VP881
train_img_566.jpg,VP1323
train_img_567.jpg,VP1466
train_img_568.jpg,VP312
train_img_569.jpg,VP435
train_img_570.jpg,VP1886
train_img_571.jpg,VP1262
train_img_572.jpg,VP308
train_img_573.jpg,VP430
train_img_574.jpg,VP660
train_img_575.jpg,VP370
train_img_576.jpg,VP566
train_img_577.jpg,VP1380
train_img_578.jpg,VP181
train_img_579.jpg,VP857
train_img_580.jpg,VP621
train_img_581.jpg,VP1283
train_img_582.jpg,VP1314
train_img_583.jpg,VP942
train_img_584.jpg,VP1412
train_img_585.jpg,VP1830
train_img_586.jpg,VP1626
train_img_587.jpg,VP1068
train_img_588.jpg,VP296
train_img_589.jpg,VP892
train_img_590.jpg,VP461
train_img_591.jpg,VP1293
train_img_592.jpg,VP1170
train_img_593.jpg,VP377
train_img_594.jpg,VP1658
train_img_595.jpg,VP105
train_img_596.jpg,VP126
train_img_597.jpg,VP1125
train_img_598.jpg,VP1473
train_img_599.jpg,VP355
train_img_600.jpg,VP1606
train_img_601.jpg,VP682
train_img_602.jpg,VP964
train_img_603.jpg,VP862
train_img_604.jpg,VP209
train_img_605.jpg,VP874
train_img_606.jpg,VP140
train_img_607.jpg,VP1428
train_img_608.jpg,VP1330
train_img_609.jpg,VP1054
train_img_610.jpg,VP1564
train_img_611.jpg,VP1090
train_img_612.jpg,VP1787
train_img_613.jpg,VP711
train_img_614.jpg,VP1747
train_img_615.jpg,VP855
train_img_616.jpg,VP903
train_img_617.jpg,VP10
train_img_618.jpg,VP1684
train_img_619.jpg,VP1118
train_img_620.jpg,VP282
train_img_621.jpg,VP810
train_img_622.jpg,VP1087
train_img_623.jpg,VP291
train_img_624.jpg,VP754
train_img_625.jpg,VP626
train_img_626.jpg,VP1259
train_img_627.jpg,VP1231
train_img_628.jpg,VP129
train_img_629.jpg,VP1169
train_img_630.jpg,VP323
train_img_631.jpg,VP1085
train_img_632.jpg,VP834
train_img_633.jpg,VP1305
train_img_634.jpg,VP1854
train_img_635.jpg,VP1950
train_img_636.jpg,VP1676
train_img_637.jpg,VP695
train_img_638.jpg,VP215
train_img_639.jpg,VP1037
train_img_640.jpg,VP1252
train_img_641.jpg,VP158
train_img_642.jpg,VP1053
train_img_643.jpg,VP978
train_img_644.jpg,VP841
train_img_645.jpg,VP634
train_img_646.jpg,VP516
train_img_647.jpg,VP1419
train_img_648.jpg,VP1511
train_img_649.jpg,VP597
train_img_650.jpg,VP195
train_img_651.jpg,VP1697
train_img_652.jpg,VP1446
train_img_653.jpg,VP410
train_img_654.jpg,VP96
train_img_655.jpg,VP990
train_img_656.jpg,VP936
train_img_657.jpg,VP156
train_img_658.jpg,VP419
train_img_659.jpg,VP1817
train_img_660.jpg,VP477
train_img_661.jpg,VP1893
train_img_662.jpg,VP668
train_img_663.jpg,VP1034
train_img_664.jpg,VP1860
train_img_665.jpg,VP1290
train_img_666.jpg,VP447
train_img_667.jpg,VP553
train_img_668.jpg,VP178
train_img_669.jpg,VP390
train_img_670.jpg,VP578
train_img_671.jpg,VP997
train_img_672.jpg,VP1696
train_img_673.jpg,VP1278
train_img_674.jpg,VP1664
train_img_675.jpg,VP889
train_img_676.jpg,VP820
train_img_677.jpg,VP1814
train_img_678.jpg,VP974
train_img_679.jpg,VP1043
train_img_680.jpg,VP664
train_img_681.jpg,VP142
train_img_682.jpg,VP1507
train_img_683.jpg,VP1420
train_img_684.jpg,VP864
train_img_685.jpg,VP421
train_img_686.jpg,VP636
train_img_687.jpg,VP1744
train_img_688.jpg,VP799
train_img_689.jpg,VP1061
train_img_690.jpg,VP615
train_img_691.jpg,VP294
train_img_692.jpg,VP914
train_img_693.jpg,VP1931
train_img_694.jpg,VP1890
train_img_695.jpg,VP88
train_img_696.jpg,VP41
train_img_697.jpg,VP1791
train_img_698.jpg,VP1921
train_img_699.jpg,VP131
train_img_700.jpg,VP1804
train_img_701.jpg,VP979
train_img_702.jpg,VP1862
train_img_703.jpg,VP1844
train_img_704.jpg,VP1335
train_img_705.jpg,VP1489
train_img_706.jpg,VP164
train_img_707.jpg,VP724
train_img_708.jpg,VP290
train_img_709.jpg,VP1730
train_img_710.jpg,VP1525
train_img_711.jpg,VP1884
train_img_712.jpg,VP1360
train_img_713.jpg,VP1352
train_img_714.jpg,VP778
train_img_715.jpg,VP839
train_img_716.jpg,VP348
train_img_717.jpg,VP1932
train_img_718.jpg,VP571
train_img_719.jpg,VP917
train_img_720.jpg,VP966
train_img_721.jpg,VP1875
train_img_722.jpg,VP1986
train_img_723.jpg,VP1581
train_img_724.jpg,VP1709
train_img_725.jpg,VP1649
train_img_726.jpg,VP458
train_img_727.jpg,VP375
train_img_728.jpg,VP1333
train_img_729.jpg,VP333
train_img_730.jpg,VP1803
train_img_731.jpg,VP1879
train_img_732.jpg,VP1448
train_img_733.jpg,VP816
train_img_734.jpg,VP1441
train_img_735.jpg,VP994
train_img_736.jpg,VP1846
train_img_737.jpg,VP965
train_img_738.jpg,VP1006
train_img_739.jpg,VP910
train_img_740.jpg,VP1917
train_img_741.jpg,VP1120
train_img_742.jpg,VP328
train_img_743.jpg,VP1058
train_img_744.jpg,VP318
train_img_745.jpg,VP1737
train_img_746.jpg,VP1969
train_img_747.jpg,VP1784
train_img_748.jpg,VP167
train_img_749.jpg,VP12
train_img_750.jpg,VP1914
train_img_751.jpg,VP171
train_img_752.jpg,VP649
train_img_753.jpg,VP1608
train_img_754.jpg,VP260
train_img_755.jpg,VP1704
train_img_756.jpg,VP1761
train_img_757.jpg,VP901
train_img_758.jpg,VP672
train_img_759.jpg,VP258
train_img_760.jpg,VP844
train_img_761.jpg,VP867
train_img_762.jpg,VP1292
train_img_763.jpg,VP138
train_img_764.jpg,VP893
train_img_765.jpg,VP1827
train_img_766.jpg,VP549
train_img_767.jpg,VP319
train_img_768.jpg,VP1517
train_img_769.jpg,VP1229
train_img_770.jpg,VP1677
train_img_771.jpg,VP558
train_img_772.jpg,VP139
train_img_773.jpg,VP1981
train_img_774.jpg,VP531
train_img_775.jpg,VP224
train_img_776.jpg,VP723
train_img_777.jpg,VP786
train_img_778.jpg,VP1712
train_img_779.jpg,VP1179
train_img_780.jpg,VP409
train_img_781.jpg,VP325
train_img_782.jpg,VP1286
train_img_783.jpg,VP299
train_img_784.jpg,VP1301
train_img_785.jpg,VP1134
train_img_786.jpg,VP25
train_img_787.jpg,VP1848
train_img_788.jpg,VP714
train_img_789.jpg,VP998
train_img_790.jpg,VP193
train_img_791.jpg,VP440
train_img_792.jpg,VP573
train_img_793.jpg,VP946
train_img_794.jpg,VP503
train_img_795.jpg,VP605
train_img_796.jpg,VP1244
train_img_797.jpg,VP1157
train_img_798.jpg,VP1776
train_img_799.jpg,VP846
train_img_800.jpg,VP3
train_img_801.jpg,VP1639
train_img_802.jpg,VP1216
train_img_803.jpg,VP467
train_img_804.jpg,VP321
train_img_805.jpg,VP5
train_img_806.jpg,VP222
train_img_807.jpg,VP1501
train_img_808.jpg,VP547
train_img_809.jpg,VP228
train_img_810.jpg,VP39
train_img_811.jpg,VP542
train_img_812.jpg,VP242
train_img_813.jpg,VP898
train_img_814.jpg,VP1536
train_img_815.jpg,VP136
train_img_816.jpg,VP1185
train_img_817.jpg,VP1745
train_img_818.jpg,VP1562
train_img_819.jpg,VP1022
train_img_820.jpg,VP829
train_img_821.jpg,VP445
train_img_822.jpg,VP842
train_img_823.jpg,VP1272
train_img_824.jpg,VP1538
train_img_825.jpg,VP1505
train_img_826.jpg,VP1957
train_img_827.jpg,VP661
train_img_828.jpg,VP1204
train_img_829.jpg,VP314
train_img_830.jpg,VP691
train_img_831.jpg,VP1494
train_img_832.jpg,VP424
train_img_833.jpg,VP594
train_img_834.jpg,VP1951
train_img_835.jpg,VP622
train_img_836.jpg,VP1164
train_img_837.jpg,VP1774
train_img_838.jpg,VP227
train_img_839.jpg,VP1112
train_img_840.jpg,VP1322
train_img_841.jpg,VP1966
train_img_842.jpg,VP66
train_img_843.jpg,VP24
train_img_844.jpg,VP144
train_img_845.jpg,VP536
train_img_846.jpg,VP811
train_img_847.jpg,VP1114
train_img_848.jpg,VP85
train_img_849.jpg,VP1177
train_img_850.jpg,VP1665
train_img_851.jpg,VP1794
train_img_852.jpg,VP1807
train_img_853.jpg,VP1771
train_img_854.jpg,VP1138
train_img_855.jpg,VP362
train_img_856.jpg,VP1601
train_img_857.jpg,VP1146
train_img_858.jpg,VP1026
train_img_859.jpg,VP1030
train_img_860.jpg,VP1211
train_img_861.jpg,VP1546
train_img_862.jpg,VP1067
train_img_863.jpg,VP665
train_img_864.jpg,VP364
train_img_865.jpg,VP77
train_img_866.jpg,VP27
train_img_867.jpg,VP1427
train_img_868.jpg,VP525
train_img_869.jpg,VP1824
train_img_870.jpg,VP55
train_img_871.jpg,VP638
train_img_872.jpg,VP302
train_img_873.jpg,VP718
train_img_874.jpg,VP624
train_img_875.jpg,VP7
train_img_876.jpg,VP803
train_img_877.jpg,VP1049
train_img_878.jpg,VP336
train_img_879.jpg,VP47
train_img_880.jpg,VP1470
train_img_881.jpg,VP106
train_img_882.jpg,VP349
train_img_883.jpg,VP1079
train_img_884.jpg,VP238
train_img_885.jpg,VP213
train_img_886.jpg,VP1245
train_img_887.jpg,VP1132
train_img_888.jpg,VP793
train_img_889.jpg,VP1117
train_img_890.jpg,VP1572
train_img_891.jpg,VP1739
train_img_892.jpg,VP523
train_img_893.jpg,VP232
train_img_894.jpg,VP644
train_img_895.jpg,VP1498
train_img_896.jpg,VP533
train_img_897.jpg,VP1944
train_img_898.jpg,VP603
train_img_899.jpg,VP1463
train_img_900.jpg,VP1074
train_img_901.jpg,VP1908
train_img_902.jpg,VP60
train_img_903.jpg,VP1765
train_img_904.jpg,VP92
train_img_905.jpg,VP666
train_img_906.jpg,VP280
train_img_907.jpg,VP1326
train_img_908.jpg,VP359
train_img_909.jpg,VP1418
train_img_910.jpg,VP1163
train_img_911.jpg,VP847
train_img_912.jpg,VP1368
train_img_913.jpg,VP110
train_img_914.jpg,VP42
train_img_915.jpg,VP125
train_img_916.jpg,VP204
train_img_917.jpg,VP52
train_img_918.jpg,VP545
train_img_919.jpg,VP68
train_img_920.jpg,VP1983
train_img_921.jpg,VP1537
train_img_922.jpg,VP183
train_img_923.jpg,VP137
train_img_924.jpg,VP899
train_img_925.jpg,VP796
train_img_926.jpg,VP132
train_img_927.jpg,VP80
train_img_928.jpg,VP1530
train_img_929.jpg,VP541
train_img_930.jpg,VP1902
train_img_931.jpg,VP983
train_img_932.jpg,VP165
train_img_933.jpg,VP248
train_img_934.jpg,VP446
train_img_935.jpg,VP1202
train_img_936.jpg,VP858
train_img_937.jpg,VP1756
train_img_938.jpg,VP97
train_img_939.jpg,VP1961
train_img_940.jpg,VP737
train_img_941.jpg,VP1317
train_img_942.jpg,VP102
train_img_943.jpg,VP434
train_img_944.jpg,VP74
train_img_945.jpg,VP1781
train_img_946.jpg,VP1576
train_img_947.jpg,VP918
train_img_948.jpg,VP1701
train_img_949.jpg,VP1660
train_img_950.jpg,VP1610
train_img_951.jpg,VP762
train_img_952.jpg,VP989
train_img_953.jpg,VP388
train_img_954.jpg,VP235
train_img_955.jpg,VP1497
train_img_956.jpg,VP267
train_img_957.jpg,VP1181
train_img_958.jpg,VP117
train_img_959.jpg,VP1596
train_img_960.jpg,VP673
train_img_961.jpg,VP249
train_img_962.jpg,VP1729
train_img_963.jpg,VP1982
train_img_964.jpg,VP94
train_img_965.jpg,VP33
train_img_966.jpg,VP1454
train_img_967.jpg,VP1657
train_img_968.jpg,VP448
train_img_969.jpg,VP716
train_img_970.jpg,VP1255
train_img_971.jpg,VP1929
train_img_972.jpg,VP0
train_img_973.jpg,VP1366
train_img_974.jpg,VP1101
train_img_975.jpg,VP1108
train_img_976.jpg,VP1375
train_img_977.jpg,VP82
train_img_978.jpg,VP1552
train_img_979.jpg,VP676
train_img_980.jpg,VP1442
train_img_981.jpg,VP1046
train_img_982.jpg,VP770
train_img_983.jpg,VP1320
train_img_984.jpg,VP1271
train_img_985.jpg,VP1823
train_img_986.jpg,VP1753
train_img_987.jpg,VP404
train_img_988.jpg,VP1717
train_img_989.jpg,VP1289
train_img_990.jpg,VP1331
train_img_991.jpg,VP104
train_img_992.jpg,VP688
train_img_993.jpg,VP1351
train_img_994.jpg,VP826
train_img_995.jpg,VP62
train_img_996.jpg,VP852
train_img_997.jpg,VP1344
train_img_998.jpg,VP223
train_img_999.jpg,VP145
train_img_1000.jpg,VP1088
train_img_1001.jpg,VP373
train_img_1002.jpg,VP1900
train_img_1003.jpg,VP1142
train_img_1004.jpg,VP1816
train_img_1005.jpg,VP1819
train_img_1006.jpg,VP1591
train_img_1007.jpg,VP1261
train_img_1008.jpg,VP9
train_img_1009.jpg,VP449
train_img_1010.jpg,VP708
train_img_1011.jpg,VP255
train_img_1012.jpg,VP882
train_img_1013.jpg,VP389
train_img_1014.jpg,VP908
train_img_1015.jpg,VP924
train_img_1016.jpg,VP1693
train_img_1017.jpg,VP1225
train_img_1018.jpg,VP460
train_img_1019.jpg,VP1453
train_img_1020.jpg,VP1168
train_img_1021.jpg,VP958
train_img_1022.jpg,VP501
train_img_1023.jpg,VP739
train_img_1024.jpg,VP1839
train_img_1025.jpg,VP868
train_img_1026.jpg,VP731
train_img_1027.jpg,VP539
train_img_1028.jpg,VP1201
train_img_1029.jpg,VP697
train_img_1030.jpg,VP1383
train_img_1031.jpg,VP1856
train_img_1032.jpg,VP1145
train_img_1033.jpg,VP1031
train_img_1034.jpg,VP372
train_img_1035.jpg,VP667
train_img_1036.jpg,VP1516
train_img_1037.jpg,VP357
train_img_1038.jpg,VP967
train_img_1039.jpg,VP783
train_img_1040.jpg,VP735
train_img_1041.jpg,VP1035
train_img_1042.jpg,VP970
train_img_1043.jpg,VP1963
train_img_1044.jpg,VP1477
train_img_1045.jpg,VP1514
train_img_1046.jpg,VP1481
train_img_1047.jpg,VP1683
train_img_1048.jpg,VP1945
train_img_1049.jpg,VP1236
train_img_1050.jpg,VP885
train_img_1051.jpg,VP79
train_img_1052.jpg,VP1172
train_img_1053.jpg,VP814
train_img_1054.jpg,VP1302
train_img_1055.jpg,VP671
train_img_1056.jpg,VP1850
train_img_1057.jpg,VP57
train_img_1058.jpg,VP133
train_img_1059.jpg,VP1140
train_img_1060.jpg,VP933
train_img_1061.jpg,VP1674
train_img_1062.jpg,VP823
train_img_1063.jpg,VP1214
train_img_1064.jpg,VP504
train_img_1065.jpg,VP1764
train_img_1066.jpg,VP347
train_img_1067.jpg,VP386
train_img_1068.jpg,VP1024
train_img_1069.jpg,VP894
train_img_1070.jpg,VP828
train_img_1071.jpg,VP1881
train_img_1072.jpg,VP475
train_img_1073.jpg,VP1461
train_img_1074.jpg,VP1666
train_img_1075.jpg,VP1387
train_img_1076.jpg,VP652
train_img_1077.jpg,VP172
train_img_1078.jpg,VP1149
train_img_1079.jpg,VP38
train_img_1080.jpg,VP713
train_img_1081.jpg,VP90
train_img_1082.jpg,VP1924
train_img_1083.jpg,VP1205
train_img_1084.jpg,VP875
train_img_1085.jpg,VP1342
train_img_1086.jpg,VP1878
train_img_1087.jpg,VP1093
train_img_1088.jpg,VP1155
train_img_1089.jpg,VP1770
train_img_1090.jpg,VP1946
train_img_1091.jpg,VP499
train_img_1092.jpg,VP338
train_img_1093.jpg,VP1188
train_img_1094.jpg,VP28
train_img_1095.jpg,VP1217
train_img_1096.jpg,VP1316
train_img_1097.jpg,VP1810
train_img_1098.jpg,VP945
train_img_1099.jpg,VP169
train_img_1100.jpg,VP1395
train_img_1101.jpg,VP1197
train_img_1102.jpg,VP1253
train_img_1103.jpg,VP1389
train_img_1104.jpg,VP912
train_img_1105.jpg,VP491
train_img_1106.jpg,VP953
train_img_1107.jpg,VP1097
train_img_1108.jpg,VP1032
train_img_1109.jpg,VP587
train_img_1110.jpg,VP750
train_img_1111.jpg,VP657
train_img_1112.jpg,VP234
train_img_1113.jpg,VP732
train_img_1114.jpg,VP1976
train_img_1115.jpg,VP1622
train_img_1116.jpg,VP1156
train_img_1117.jpg,VP1460
train_img_1118.jpg,VP1613
train_img_1119.jpg,VP1617
train_img_1120.jpg,VP934
train_img_1121.jpg,VP1209
train_img_1122.jpg,VP1065
train_img_1123.jpg,VP108
train_img_1124.jpg,VP1532
train_img_1125.jpg,VP568
train_img_1126.jpg,VP1167
train_img_1127.jpg,VP1174
train_img_1128.jpg,VP890
train_img_1129.jpg,VP947
train_img_1130.jpg,VP1048
train_img_1131.jpg,VP1343
train_img_1132.jpg,VP1362
train_img_1133.jpg,VP1962
train_img_1134.jpg,VP884
train_img_1135.jpg,VP1662
train_img_1136.jpg,VP850
train_img_1137.jpg,VP734
train_img_1138.jpg,VP717
train_img_1139.jpg,VP454
train_img_1140.jpg,VP264
train_img_1141.jpg,VP75
train_img_1142.jpg,VP1647
train_img_1143.jpg,VP444
train_img_1144.jpg,VP395
train_img_1145.jpg,VP176
train_img_1146.jpg,VP1042
train_img_1147.jpg,VP1876
train_img_1148.jpg,VP1392
train_img_1149.jpg,VP1767
train_img_1150.jpg,VP595
train_img_1151.jpg,VP61
train_img_1152.jpg,VP1296
train_img_1153.jpg,VP872
train_img_1154.jpg,VP1480
train_img_1155.jpg,VP1867
train_img_1156.jpg,VP278
train_img_1157.jpg,VP36
train_img_1158.jpg,VP1506
train_img_1159.jpg,VP662
train_img_1160.jpg,VP1843
train_img_1161.jpg,VP1435
train_img_1162.jpg,VP977
train_img_1163.jpg,VP1561
train_img_1164.jpg,VP738
train_img_1165.jpg,VP191
train_img_1166.jpg,VP919
train_img_1167.jpg,VP456
train_img_1168.jpg,VP675
train_img_1169.jpg,VP760
train_img_1170.jpg,VP1797
train_img_1171.jpg,VP1592
train_img_1172.jpg,VP728
train_img_1173.jpg,VP412
train_img_1174.jpg,VP1098
train_img_1175.jpg,VP825
train_img_1176.jpg,VP1487
train_img_1177.jpg,VP616
train_img_1178.jpg,VP114
train_img_1179.jpg,VP417
train_img_1180.jpg,VP1898
train_img_1181.jpg,VP969
train_img_1182.jpg,VP604
train_img_1183.jpg,VP1906
train_img_1184.jpg,VP89
train_img_1185.jpg,VP848
train_img_1186.jpg,VP1510
train_img_1187.jpg,VP1905
train_img_1188.jpg,VP753
train_img_1189.jpg,VP498
train_img_1190.jpg,VP1276
train_img_1191.jpg,VP1325
train_img_1192.jpg,VP11
train_img_1193.jpg,VP396
train_img_1194.jpg,VP284
train_img_1195.jpg,VP1066
train_img_1196.jpg,VP1191
train_img_1197.jpg,VP1734
train_img_1198.jpg,VP690
train_img_1199.jpg,VP1621
train_img_1200.jpg,VP1864
train_img_1201.jpg,VP689
train_img_1202.jpg,VP851
train_img_1203.jpg,VP159
train_img_1204.jpg,VP895
train_img_1205.jpg,VP1565
train_img_1206.jpg,VP257
train_img_1207.jpg,VP335
train_img_1208.jpg,VP1868
train_img_1209.jpg,VP1039
train_img_1210.jpg,VP515
train_img_1211.jpg,VP1348
train_img_1212.jpg,VP1015
train_img_1213.jpg,VP768
train_img_1214.jpg,VP1736
train_img_1215.jpg,VP761
train_img_1216.jpg,VP1246
train_img_1217.jpg,VP1203
train_img_1218.jpg,VP1458
train_img_1219.jpg,VP1971
train_img_1220.jpg,VP521
train_img_1221.jpg,VP22
train_img_1222.jpg,VP356
train_img_1223.jpg,VP1277
train_img_1224.jpg,VP1312
train_img_1225.jpg,VP1672
train_img_1226.jpg,VP340
train_img_1227.jpg,VP431
train_img_1228.jpg,VP473
train_img_1229.jpg,VP217
train_img_1230.jpg,VP911
train_img_1231.jpg,VP1227
train_img_1232.jpg,VP1586
train_img_1233.jpg,VP1011
train_img_1234.jpg,VP1937
train_img_1235.jpg,VP93
train_img_1236.jpg,VP1008
train_img_1237.jpg,VP1070
train_img_1238.jpg,VP1092
train_img_1239.jpg,VP1575
train_img_1240.jpg,VP1308
train_img_1241.jpg,VP696
train_img_1242.jpg,VP1782
train_img_1243.jpg,VP996
train_img_1244.jpg,VP153
train_img_1245.jpg,VP1099
train_img_1246.jpg,VP1708
train_img_1247.jpg,VP1985
train_img_1248.jpg,VP789
train_img_1249.jpg,VP580
train_img_1250.jpg,VP703
train_img_1251.jpg,VP1212
train_img_1252.jpg,VP1295
train_img_1253.jpg,VP1655
train_img_1254.jpg,VP1260
train_img_1255.jpg,VP487
train_img_1256.jpg,VP559
train_img_1257.jpg,VP1141
train_img_1258.jpg,VP1119
train_img_1259.jpg,VP801
train_img_1260.jpg,VP512
train_img_1261.jpg,VP633
train_img_1262.jpg,VP1469
train_img_1263.jpg,VP1777
train_img_1264.jpg,VP1578
train_img_1265.jpg,VP1150
train_img_1266.jpg,VP790
train_img_1267.jpg,VP116
train_img_1268.jpg,VP740
train_img_1269.jpg,VP1680
train_img_1270.jpg,VP1081
train_img_1271.jpg,VP830
train_img_1272.jpg,VP119
train_img_1273.jpg,VP656
train_img_1274.jpg,VP1901
train_img_1275.jpg,VP635
train_img_1276.jpg,VP369
train_img_1277.jpg,VP268
train_img_1278.jpg,VP655
train_img_1279.jpg,VP935
train_img_1280.jpg,VP822
train_img_1281.jpg,VP866
train_img_1282.jpg,VP46
train_img_1283.jpg,VP1373
train_img_1284.jpg,VP1847
train_img_1285.jpg,VP991
train_img_1286.jpg,VP876
train_img_1287.jpg,VP773
train_img_1288.jpg,VP1219
train_img_1289.jpg,VP1987
train_img_1290.jpg,VP4
train_img_1291.jpg,VP1003
train_img_1292.jpg,VP1713
train_img_1293.jpg,VP263
train_img_1294.jpg,VP1559
train_img_1295.jpg,VP1820
train_img_1296.jpg,VP443
train_img_1297.jpg,VP1002
train_img_1298.jpg,VP1077
train_img_1299.jpg,VP837
train_img_1300.jpg,VP1780
train_img_1301.jpg,VP304
train_img_1302.jpg,VP1365
train_img_1303.jpg,VP1547
train_img_1304.jpg,VP313
train_img_1305.jpg,VP149
train_img_1306.jpg,VP1148
train_img_1307.jpg,VP1213
train_img_1308.jpg,VP574
train_img_1309.jpg,VP50
train_img_1310.jpg,VP1542
train_img_1311.jpg,VP726
train_img_1312.jpg,VP833
train_img_1313.jpg,VP1377
train_img_1314.jpg,VP1115
train_img_1315.jpg,VP1166
train_img_1316.jpg,VP470
train_img_1317.jpg,VP971
train_img_1318.jpg,VP653
train_img_1319.jpg,VP399
train_img_1320.jpg,VP511
train_img_1321.jpg,VP320
train_img_1322.jpg,VP19
train_img_1323.jpg,VP684
train_img_1324.jpg,VP35
train_img_1325.jpg,VP902
train_img_1326.jpg,VP827
train_img_1327.jpg,VP1786
train_img_1328.jpg,VP407
train_img_1329.jpg,VP920
train_img_1330.jpg,VP537
train_img_1331.jpg,VP758
train_img_1332.jpg,VP1892
train_img_1333.jpg,VP1062
train_img_1334.jpg,VP1199
train_img_1335.jpg,VP245
train_img_1336.jpg,VP1416
train_img_1337.jpg,VP1127
train_img_1338.jpg,VP784
train_img_1339.jpg,VP1732
train_img_1340.jpg,VP489
train_img_1341.jpg,VP154
train_img_1342.jpg,VP961
train_img_1343.jpg,VP853
train_img_1344.jpg,VP1311
train_img_1345.jpg,VP625
train_img_1346.jpg,VP685
train_img_1347.jpg,VP1551
train_img_1348.jpg,VP569
train_img_1349.jpg,VP1896
train_img_1350.jpg,VP17
train_img_1351.jpg,VP127
train_img_1352.jpg,VP1346
train_img_1353.jpg,VP1279
train_img_1354.jpg,VP1956
train_img_1355.jpg,VP927
train_img_1356.jpg,VP980
train_img_1357.jpg,VP1952
train_img_1358.jpg,VP190
train_img_1359.jpg,VP1139
train_img_1360.jpg,VP992
train_img_1361.jpg,VP1943
train_img_1362.jpg,VP1646
train_img_1363.jpg,VP606
train_img_1364.jpg,VP180
train_img_1365.jpg,VP301
train_img_1366.jpg,VP496
train_img_1367.jpg,VP1967
train_img_1368.jpg,VP1699
train_img_1369.jpg,VP1651
train_img_1370.jpg,VP1628
train_img_1371.jpg,VP517
train_img_1372.jpg,VP1972
train_img_1373.jpg,VP1069
train_img_1374.jpg,VP476
train_img_1375.jpg,VP157
train_img_1376.jpg,VP1243
train_img_1377.jpg,VP1195
train_img_1378.jpg,VP16
train_img_1379.jpg,VP1535
train_img_1380.jpg,VP1072
train_img_1381.jpg,VP1959
train_img_1382.jpg,VP546
train_img_1383.jpg,VP1539
train_img_1384.jpg,VP658
train_img_1385.jpg,VP1615
train_img_1386.jpg,VP1019
train_img_1387.jpg,VP1652
train_img_1388.jpg,VP1504
train_img_1389.jpg,VP959
train_img_1390.jpg,VP1870
train_img_1391.jpg,VP283
train_img_1392.jpg,VP797
train_img_1393.jpg,VP1616
train_img_1394.jpg,VP225
train_img_1395.jpg,VP26
train_img_1396.jpg,VP1760
train_img_1397.jpg,VP437
train_img_1398.jpg,VP1936
train_img_1399.jpg,VP1388
train_img_1400.jpg,VP229
train_img_1401.jpg,VP37
train_img_1402.jpg,VP749
train_img_1403.jpg,VP1045
train_img_1404.jpg,VP1398
train_img_1405.jpg,VP469
train_img_1406.jpg,VP1682
train_img_1407.jpg,VP1955
train_img_1408.jpg,VP687
train_img_1409.jpg,VP1833
train_img_1410.jpg,VP639
train_img_1411.jpg,VP1702
train_img_1412.jpg,VP1218
train_img_1413.jpg,VP1158
train_img_1414.jpg,VP1415
train_img_1415.jpg,VP1527
train_img_1416.jpg,VP1645
train_img_1417.jpg,VP1300
train_img_1418.jpg,VP1812
train_img_1419.jpg,VP800
train_img_1420.jpg,VP1603
train_img_1421.jpg,VP160
train_img_1422.jpg,VP956
train_img_1423.jpg,VP1186
train_img_1424.jpg,VP821
train_img_1425.jpg,VP1671
train_img_1426.jpg,VP877
train_img_1427.jpg,VP913
train_img_1428.jpg,VP152
train_img_1429.jpg,VP1826
train_img_1430.jpg,VP1766
train_img_1431.jpg,VP509
train_img_1432.jpg,VP1135
train_img_1433.jpg,VP1250
train_img_1434.jpg,VP1653
train_img_1435.jpg,VP103
train_img_1436.jpg,VP1445
train_img_1437.jpg,VP1443
train_img_1438.jpg,VP586
train_img_1439.jpg,VP1758
train_img_1440.jpg,VP1143
train_img_1441.jpg,VP53
train_img_1442.jpg,VP151
train_img_1443.jpg,VP403
train_img_1444.jpg,VP1930
train_img_1445.jpg,VP207
train_img_1446.jpg,VP1883
train_img_1447.jpg,VP1122
train_img_1448.jpg,VP1740
train_img_1449.jpg,VP8
train_img_1450.jpg,VP1014
train_img_1451.jpg,VP1785
train_img_1452.jpg,VP1060
train_img_1453.jpg,VP452
train_img_1454.jpg,VP253
train_img_1455.jpg,VP1327
train_img_1456.jpg,VP896
train_img_1457.jpg,VP1723
train_img_1458.jpg,VP880
train_img_1459.jpg,VP1595
train_img_1460.jpg,VP1877
train_img_1461.jpg,VP623
train_img_1462.jpg,VP345
train_img_1463.jpg,VP1692
train_img_1464.jpg,VP262
train_img_1465.jpg,VP1634
train_img_1466.jpg,VP1321
train_img_1467.jpg,VP1438
train_img_1468.jpg,VP150
train_img_1469.jpg,VP472
train_img_1470.jpg,VP640
train_img_1471.jpg,VP1970
train_img_1472.jpg,VP1871
train_img_1473.jpg,VP550
train_img_1474.jpg,VP1769
train_img_1475.jpg,VP928
train_img_1476.jpg,VP488
train_img_1477.jpg,VP1801
train_img_1478.jpg,VP1171
train_img_1479.jpg,VP146
train_img_1480.jpg,VP1694
train_img_1481.jpg,VP1916
train_img_1482.jpg,VP402
train_img_1483.jpg,VP954
train_img_1484.jpg,VP1866
train_img_1485.jpg,VP659
train_img_1486.jpg,VP1372
train_img_1487.jpg,VP463
train_img_1488.jpg,VP1349
train_img_1489.jpg,VP186
train_img_1490.jpg,VP1147
train_img_1491.jpg,VP1224
train_img_1492.jpg,VP608
train_img_1493.jpg,VP143
train_img_1494.jpg,VP751
train_img_1495.jpg,VP1534
train_img_1496.jpg,VP981
train_img_1497.jpg,VP197
train_img_1498.jpg,VP1633
train_img_1499.jpg,VP883
train_img_1500.jpg,VP279
train_img_1501.jpg,VP293
train_img_1502.jpg,VP1813
train_img_1503.jpg,VP400
train_img_1504.jpg,VP122
train_img_1505.jpg,VP1207
train_img_1506.jpg,VP202
train_img_1507.jpg,VP1462
train_img_1508.jpg,VP835
train_img_1509.jpg,VP246
train_img_1510.jpg,VP1439
train_img_1511.jpg,VP1743
train_img_1512.jpg,VP1889
train_img_1513.jpg,VP1707
train_img_1514.jpg,VP1869
train_img_1515.jpg,VP1153
train_img_1516.jpg,VP1661
train_img_1517.jpg,VP1426
train_img_1518.jpg,VP384
train_img_1519.jpg,VP1874
train_img_1520.jpg,VP854
train_img_1521.jpg,VP1589
train_img_1522.jpg,VP219
train_img_1523.jpg,VP641
train_img_1524.jpg,VP1
train_img_1525.jpg,VP112
train_img_1526.jpg,VP698
train_img_1527.jpg,VP1903
train_img_1528.jpg,VP951
train_img_1529.jpg,VP1648
train_img_1530.jpg,VP1636
train_img_1531.jpg,VP1738
train_img_1532.jpg,VP1410
train_img_1533.jpg,VP1409
train_img_1534.jpg,VP1533
train_img_1535.jpg,VP1291
train_img_1536.jpg,VP1798
train_img_1537.jpg,VP441
train_img_1538.jpg,VP1520
train_img_1539.jpg,VP1136
train_img_1540.jpg,VP1715
train_img_1541.jpg,VP1256
train_img_1542.jpg,VP1853
train_img_1543.jpg,VP1631
train_img_1544.jpg,VP1695
train_img_1545.jpg,VP1397
train_img_1546.jpg,VP663
train_img_1547.jpg,VP1825
train_img_1548.jpg,VP1257
train_img_1549.jpg,VP1763
train_img_1550.jpg,VP1700
train_img_1551.jpg,VP317
train_img_1552.jpg,VP648
train_img_1553.jpg,VP1434
train_img_1554.jpg,VP1479
train_img_1555.jpg,VP709
train_img_1556.jpg,VP1382
train_img_1557.jpg,VP1282
train_img_1558.jpg,VP972
train_img_1559.jpg,VP627
train_img_1560.jpg,VP632
train_img_1561.jpg,VP1306
train_img_1562.jpg,VP1400
train_img_1563.jpg,VP1408
train_img_1564.jpg,VP1248
train_img_1565.jpg,VP1940
train_img_1566.jpg,VP1254
train_img_1567.jpg,VP1496
train_img_1568.jpg,VP1371
train_img_1569.jpg,VP1529
train_img_1570.jpg,VP1663
train_img_1571.jpg,VP1354
train_img_1572.jpg,VP1913
train_img_1573.jpg,VP1888
train_img_1574.jpg,VP1643
train_img_1575.jpg,VP1838
train_img_1576.jpg,VP795
train_img_1577.jpg,VP645
train_img_1578.jpg,VP1012
train_img_1579.jpg,VP1829
train_img_1580.jpg,VP556
train_img_1581.jpg,VP681
train_img_1582.jpg,VP577
train_img_1583.jpg,VP1109
train_img_1584.jpg,VP1266
train_img_1585.jpg,VP1722
train_img_1586.jpg,VP1183
train_img_1587.jpg,VP524
train_img_1588.jpg,VP1059
train_img_1589.jpg,VP540
train_img_1590.jpg,VP1194
train_img_1591.jpg,VP1678
train_img_1592.jpg,VP748
train_img_1593.jpg,VP1841
train_img_1594.jpg,VP1430
train_img_1595.jpg,VP484
train_img_1596.jpg,VP1757
train_img_1597.jpg,VP95
train_img_1598.jpg,VP1020
train_img_1599.jpg,VP563
train_img_1600.jpg,VP1264
train_img_1601.jpg,VP742
train_img_1602.jpg,VP863
train_img_1603.jpg,VP1598
train_img_1604.jpg,VP1714
train_img_1605.jpg,VP1484
train_img_1606.jpg,VP891
train_img_1607.jpg,VP1577
train_img_1608.jpg,VP1038
train_img_1609.jpg,VP206
train_img_1610.jpg,VP392
train_img_1611.jpg,VP794
train_img_1612.jpg,VP870
train_img_1613.jpg,VP397
train_img_1614.jpg,VP766
train_img_1615.jpg,VP1831
train_img_1616.jpg,VP1241
train_img_1617.jpg,VP1028
train_img_1618.jpg,VP1792
train_img_1619.jpg,VP642
train_img_1620.jpg,VP1880
train_img_1621.jpg,VP612
train_img_1622.jpg,VP1762
train_img_1623.jpg,VP960
train_img_1624.jpg,VP1570
train_img_1625.jpg,VP725
train_img_1626.jpg,VP683
train_img_1627.jpg,VP98
train_img_1628.jpg,VP804
train_img_1629.jpg,VP1751
train_img_1630.jpg,VP1597
train_img_1631.jpg,VP406
train_img_1632.jpg,VP502
train_img_1633.jpg,VP1071
train_img_1634.jpg,VP1056
train_img_1635.jpg,VP929
train_img_1636.jpg,VP779
train_img_1637.jpg,VP200
train_img_1638.jpg,VP134
train_img_1639.jpg,VP1051
train_img_1640.jpg,VP40
train_img_1641.jpg,VP1017
train_img_1642.jpg,VP230
train_img_1643.jpg,VP1513
train_img_1644.jpg,VP1796
train_img_1645.jpg,VP378
train_img_1646.jpg,VP288
train_img_1647.jpg,VP418
train_img_1648.jpg,VP1698
train_img_1649.jpg,VP391
train_img_1650.jpg,VP592
train_img_1651.jpg,VP1522
train_img_1652.jpg,VP1162
train_img_1653.jpg,VP1086
train_img_1654.jpg,VP1495
train_img_1655.jpg,VP647
train_img_1656.jpg,VP1152
train_img_1657.jpg,VP1367
train_img_1658.jpg,VP520
train_img_1659.jpg,VP64
train_img_1660.jpg,VP1836
train_img_1661.jpg,VP14
train_img_1662.jpg,VP1180
train_img_1663.jpg,VP1064
train_img_1664.jpg,VP492
train_img_1665.jpg,VP379
train_img_1666.jpg,VP187
train_img_1667.jpg,VP763
train_img_1668.jpg,VP216
train_img_1669.jpg,VP791
train_img_1670.jpg,VP1076
train_img_1671.jpg,VP878
train_img_1672.jpg,VP337
train_img_1673.jpg,VP1772
train_img_1674.jpg,VP719
train_img_1675.jpg,VP1748
train_img_1676.jpg,VP295
train_img_1677.jpg,VP1725
train_img_1678.jpg,VP1016
train_img_1679.jpg,VP1275
train_img_1680.jpg,VP1750
train_img_1681.jpg,VP1485
train_img_1682.jpg,VP455
train_img_1683.jpg,VP1984
train_img_1684.jpg,VP815
train_img_1685.jpg,VP269
train_img_1686.jpg,VP995
train_img_1687.jpg,VP201
train_img_1688.jpg,VP161
train_img_1689.jpg,VP1579
train_img_1690.jpg,VP729
train_img_1691.jpg,VP401
train_img_1692.jpg,VP702
train_img_1693.jpg,VP1500
train_img_1694.jpg,VP1845
train_img_1695.jpg,VP1795
train_img_1696.jpg,VP1129
train_img_1697.jpg,VP565
train_img_1698.jpg,VP1413
train_img_1699.jpg,VP1021
train_img_1700.jpg,VP1025
train_img_1701.jpg,VP1411
train_img_1702.jpg,VP1895
train_img_1703.jpg,VP1585
train_img_1704.jpg,VP1104
train_img_1705.jpg,VP205
train_img_1706.jpg,VP34
train_img_1707.jpg,VP775
train_img_1708.jpg,VP508
train_img_1709.jpg,VP1451
train_img_1710.jpg,VP1478
train_img_1711.jpg,VP1958
train_img_1712.jpg,VP1390
train_img_1713.jpg,VP91
train_img_1714.jpg,VP1363
train_img_1715.jpg,VP897
train_img_1716.jpg,VP564
train_img_1717.jpg,VP1369
train_img_1718.jpg,VP776
train_img_1719.jpg,VP241
train_img_1720.jpg,VP13
train_img_1721.jpg,VP315
train_img_1722.jpg,VP600
train_img_1723.jpg,VP387
train_img_1724.jpg,VP1297
train_img_1725.jpg,VP166
train_img_1726.jpg,VP840
train_img_1727.jpg,VP20
train_img_1728.jpg,VP646
train_img_1729.jpg,VP1842
train_img_1730.jpg,VP1508
train_img_1731.jpg,VP1154
train_img_1732.jpg,VP1528
train_img_1733.jpg,VP831
train_img_1734.jpg,VP1267
train_img_1735.jpg,VP1590
train_img_1736.jpg,VP1899
train_img_1737.jpg,VP562
train_img_1738.jpg,VP1939
train_img_1739.jpg,VP686
train_img_1740.jpg,VP957
train_img_1741.jpg,VP189
train_img_1742.jpg,VP1806
train_img_1743.jpg,VP975
train_img_1744.jpg,VP699
train_img_1745.jpg,VP1499
train_img_1746.jpg,VP1705
train_img_1747.jpg,VP510
train_img_1748.jpg,VP1082
train_img_1749.jpg,VP474
train_img_1750.jpg,VP1584
train_img_1751.jpg,VP856
train_img_1752.jpg,VP747
train_img_1753.jpg,VP252
train_img_1754.jpg,VP21
train_img_1755.jpg,VP1337
train_img_1756.jpg,VP459
train_img_1757.jpg,VP1184
train_img_1758.jpg,VP276
train_img_1759.jpg,VP955
train_img_1760.jpg,VP1215
train_img_1761.jpg,VP385
train_img_1762.jpg,VP805
train_img_1763.jpg,VP1437
train_img_1764.jpg,VP1515
train_img_1765.jpg,VP343
train_img_1766.jpg,VP769
train_img_1767.jpg,VP1332
train_img_1768.jpg,VP1685
train_img_1769.jpg,VP130
train_img_1770.jpg,VP1687
train_img_1771.jpg,VP871
train_img_1772.jpg,VP1123
train_img_1773.jpg,VP1396
train_img_1774.jpg,VP87
train_img_1775.jpg,VP1482
train_img_1776.jpg,VP330
train_img_1777.jpg,VP1238
train_img_1778.jpg,VP466
train_img_1779.jpg,VP121
train_img_1780.jpg,VP1638
train_img_1781.jpg,VP1044
train_img_1782.jpg,VP1724
train_img_1783.jpg,VP1095
train_img_1784.jpg,VP1130
train_img_1785.jpg,VP1294
train_img_1786.jpg,VP860
train_img_1787.jpg,VP1459
train_img_1788.jpg,VP1126
